Date,Time,Deaths,Notes,Cause of Death
17/07/14,37:12:00,?,,too many
17/07/13,34:51:00,2,,zip | s8sj
17/07/10,33:24:00,1,,vegas
17/04/12,33:17:00,1,,stage9
17/04/12,42:45:00,7,,too many
17/04/12,35:40:00,2,,vegas | stage9
17/04/12,37:35:00,6,,too many
17/04/10,33:56:00,2,,book jump | stageA
17/04/10,32:34:00,1,,s8sj
17/04/10,35:13:00,3,,stage9 x2 | stageB
17/04/10,35:06:00,3,,dracula | stageB x2
17/04/10,33:15:00,1,,dracula
17/04/10,36:17:00,3,,stage7 x2 | slogra
17/04/08,39:39:00,6,,vegas x?
17/04/08,??:??,5,,too many
17/04/08,32:41:00,1,,stage hate
17/04/06,33:57:00,2,,s9pj | stageB
17/04/06,35:18:00,4,,vegas | stageB x2
17/04/06,32:48:00,2,,vegas x2
17/04/06,31:59:00,1,first sub 32 /w death,s8sj
17/04/06,32:46:00,1,,stageB
17/04/04,33:26:00,1,,chandelier
17/04/04,32:03:00,0,,-
17/04/04,34:32:00,3,,stage 8 x3
17/04/04,31:58:00,0,,-
17/04/04,33:54:00,3,,s8sj | vegas x2
17/04/04,32:08:00,0,,-
17/04/02,32:01:00,0,,-
17/04/02,32:15:00,0,,-
17/04/02,32:20:00,0,,-
17/04/02,34:37:00,3,,s8cj x2 | s9sj
17/04/02,33:19:00,1,,stageB
17/04/02,34:37:00,2,,slogra | death
17/04/02,31:56:00,0,,-
17/03/31,34:18:00,3,,stage hate
17/03/31,32:05:00,0,,-
17/03/31,33:30:00,3,,stage hate
17/03/31,32:52:00,1,,s8
17/03/31,33:16:00,3,,stage8 x2 | stageA
17/03/31,35:00:00,2,,s9pj | zaft bat
17/03/29,33:48:00,1,,stageB
17/03/29,32:15:00,0,,-
17/03/29,33:25:00,2,,vegas x2
17/03/29,33:55:00,2,,s8sj | stage9
17/03/25,32:26:00,0,,-
17/03/25,32:48:00,1,,s8cj
17/03/25,34:56:00,2,,stageB x2
17/03/25,32:56:00,1,,stage8
17/03/25,31:48:00,0,,-
17/03/25,39:08:00,7,,stageA | stageB x5 | slogra
17/03/25,33:55:00,1,,stageB
17/03/25,37:44:00,8,,stage hate x8
17/03/23,33:01:00,3,,stage8 | stageA
17/03/23,32:26:00,1,,vegas
17/03/23,33:49:00,2,,vegas | stage9
17/03/23,33:33:00,2,,s8sj | dracula
17/03/23,34:07:00,2,,stage8 | s8cj
17/03/21,32:31:00,0,,-
17/03/21,32:10:00,0,,-
17/03/21,33:53:00,1,,vegas | stageB
17/03/21,34:02:00,3,,vegas x2 | dickbones
17/03/21,33:52:00,3,,vegas x3
17/03/16,35:01:00,4,Race (3rd),stage3 | book jump | vegas | monster
17/03/15,35:56:00,2,,stage3 | stage8
17/03/15,33:47:00,2,,zip | stage8
17/03/15,33:17:00,2,,vegas x2
17/03/15,32:17:00,0,,
17/03/15,32:17:00,0,,
17/03/15,32:13:00,0,,-
17/03/13,32:14:00,0,,-
17/03/13,32:48:00,1,,vegas
17/03/13,32:46:00,1,,stage8
17/03/13,32:31:00,1,,stage8
17/03/11,34:14:00,2,,zip | book jump
17/03/11,34:30:00,3,,
17/03/11,34:30:00,3,,
17/03/11,33:00:00,1,,stageB
17/03/07,34:15:00,2,,s8sj | slogra
17/03/07,33:25:00,1,,stageA
17/03/07,35:29:00,5,,stage8 x3 | stageA
17/03/07,32:09:00,0,,-
17/03/05,32:49:00,1,,stageA
17/03/02,34:02:00,4,,s8sj | vegas | stageA
17/03/02,34:19:00,2,,stageB x2
17/02/28,34:53:00,3,,
17/02/28,34:53:00,3,,
17/02/28,33:54:00,2,,vegas | stageB
17/02/27,32:44:00,0,,-
17/02/27,33:08:00,1,,vegas
17/02/25,32:38:00,0,,-
17/02/23,33:43:00,2,,zip | stage 8 x2A
17/02/23,33:19:00,1,,stageB
17/02/22,32:04:00,0,,-
17/02/22,33:23:00,2,,stage8 | s8sj
17/02/21,36:21:00,4,,vegas | stage | stageB | Dracula
17/02/20,32:34:00,1,,vegas
17/02/19,32:32:00,0,,-
17/02/18,31:47:00,0,,-
17/02/18,33:07:00,2,,s8cj | stage8
17/02/18,32:44:00,1,,vegas
17/02/16,33:18:00,2,,s8cj | vegas
17/02/16,31:49:00,0,,-
17/02/16,33:56:00,3,,stage 8 x3
17/02/15,32:09:00,0,,-
17/02/10,32:18:00,0,,-
17/02/10,34:54:00,1,,stageB
17/02/10,33:25:00,3,,vegas | stage8 | s9pj
17/02/10,32:59:00,2,,s8sj | s9rs
17/02/10,34:45:00,4,,vegas x3 | stageA
17/02/08,34:25:00,2,,zaft bat | stageA
17/02/08,34:11:00,3,,s8cj x2 | stage8
17/02/07,32:07:00,0,,-
17/02/07,32:49:00,1,,vegas
17/02/07,33:10:00,1,,s8sj
17/02/06,32:03:00,0,,-
17/02/06,32:10:00,0,,-
17/02/06,32:08:00,1,,s8sj
17/02/04,34:28:00,2,,stage8 | stageA
17/02/03,33:34:00,3,,stage8 x2 | stage9
17/02/03,32:09:00,0,,-
17/02/03,33:00:00,2,,vegas | stageA
17/02/03,32:15:00,1,,s8sj
17/02/03,33:52:00,3,,s8cj | stage8 | vegas
17/02/03,32:10:00,0,,-
17/01/31,35:28:00,4,,zip | stage 8 x2 | stageA
17/01/30,33:20:00,3,,s8sj | vegas | s9sj
17/01/30,32:08:00,0,,-
17/01/25,33:59:00,3,,stuff
17/01/25,32:20:00,0,,-
17/01/25,37:43:00,5,,stage8 x2 | etc..
17/01/25,32:52:00,1,,s8cj
17/01/11,33:52:00,1,AGDQ 2017 race,chandelier
17/01/06,31:47.44,0,New PB/WR,-
17/01/06,34:29:00,1,,mummy
17/01/05,32:42:00,1,,s9pj2c
17/01/05,33:57:00,3,,stage 8 x2 | s9pj2c
17/01/05,36:24:00,3,,s9pj2c | stageB | slogra
17/01/05,33:46:00,3,,vegas | stage8 | s9pj2c
16/12/30,32:00:00,0,,-
16/12/30,34:02:00,1,,slogra
16/12/29,34:14:00,3,,stage8 | s9pj2c | stage9
16/12/27,33:28:00,1,,slogra
16/12/26,35:12:00,5,,stage8 | s8cj | vegas | stageA
16/12/26,32:00:00,0,,-
16/12/24,34:33:00,3,,sir grakul | s8cj | vegas
16/12/23,32:33:00,0,,-
16/12/23,32:14:00,0,,-
16/12/20,35:23:00,5,,vegas | etc
16/12/20,36:14:00,4,,vegas | etc
16/12/20,33:30:00,2,,s8cj | vegas
16/12/18,33:04:00,2,,vegas x2
16/12/17,33:19:00,2,,vegas x2
16/12/17,33:29:00,2,,vegas x2
16/12/17,32:04:00,0,,-
16/12/17,35:46:00,4,,stage8 | s8cj | stageB
16/12/17,34:38:00,2,,stageA x2
16/12/16,32:52:00,1,,vegas
16/12/16,32:42:00,1,,s9pj
16/12/15,33:10:00,1,,stageB
16/12/13,32:33:00,1,,stage8
16/12/13,33:58:00,2,,s9pj | dracula
16/12/13,33:12:00,1,,stageB
16/12/13,34:43:00,1,,stageB
16/12/13,35:05:00,4,,Sir Grakul | etc
16/12/13,34:47:00,5,,stage8 x3 | stageA
16/12/09,35:03:00,3,,vegas | zaft bat
16/12/08,33:46:00,3,,stage8 x3
16/12/08,33:09:00,1,,stage9
16/12/08,32:43:00,2,,stage8 | stageA
16/12/08,33:41:00,2,,stage8 | s9pj2c
16/12/08,33:03:00,2,,stage8 | stage9
16/12/05,32:30:00,0,,-
16/12/05,32:39:00,1,,s9pj
16/12/05,31:52:00,0,,-
16/12/05,35:07:00,5,,stage8 x5
16/12/05,32:29:00,1,,stage8
16/12/04,33:23:00,1,,stage9
16/12/04,31:49.24,0,,-
16/12/03,32:21:00,1,,stage8
16/12/03,32:52:00,2,,s8sj | s9pj
16/12/03,31:57:00,0,,-
16/12/01,32:46:00,1,,s9pj2c
16/12/01,33:13:00,1,,stage9
16/11/30,32:08:00,1,,s8sj
16/11/30,31:55:00,0,,-
16/11/30,36:22:00,6,,stage8 x6 | stage9
16/11/30,33:36:00,1,,zaft bat
16/11/30,32:29:00,0,,-
16/11/29,32:24:00,1,,stage8
16/11/29,34:14:00,3,,stage8 | stageA
16/11/28,32:14:00,0,,-
16/11/28,35:54:00,3,,stage9 | stageB x2
16/11/28,33:13:00,1,,stageB
16/11/28,35:04:00,3,,stage8 | vegas x2
16/11/28,32:00:00,0,,-
16/11/26,33:48:00,3,,s8cj | s9pj2c
16/11/26,32:07:00,0,,
16/11/26,32:07:00,0,,
16/11/26,33:46:00,3,,s8sj | vegas | stageB
16/11/25,33:38:00,2,,vegas | stageA
16/11/25,34:17:00,3,,stage8 | stage9 | stageA
16/11/25,32:27:00,0,,-
16/11/24,33:21:00,2,,stageA x2
16/11/23,35:15:00,2,,vegas | slogra
16/11/23,33:21:00,2,,vegas | stageA
16/11/23,32:05:00,0,,-
16/11/22,35:02:00,2,,s8cj | stageB
16/11/22,33:42:00,3,,stage8 x3
16/11/22,33:03:00,1,,s8cj
16/11/19,35:00:00,2,,s8cj | stageB
16/11/19,35:37:00,2,,s8cj | slogra
16/11/13,32:04:00,0,,-
16/11/08,32:18:00,0,,-
16/11/08,33:57:00,2,,stage8 | Dracula
16/11/08,32:17:00,0,,-
16/11/08,33:52:00,2,,s8cj | stageB
16/11/05,32:52:00,1,,-
16/11/05,33:36:00,3,,s8sj | vegas | s9pj2c
16/11/05,32:28:00,1,,stageA
16/11/05,33:16:00,1,,stageA
16/11/01,32:09:00,0,,-
16/10/31,33:33:00,2,,s8sj | stageA
16/10/31,32:04:00,0,,-
16/10/26,33:04:00,1,,s9pj
16/10/26,36:56:00,6,,s8cj x2 | vegas | stage9 x2
16/10/26,33:22:00,2,,vegas x2
16/10/22,39:47:00,10,,too many
16/10/22,32:18:00,0,,-
16/10/22,32:55:00,1,,s9pj
16/10/14,33:04:00,1,,stageB
16/10/14,32:57:00,1,,stage8
16/10/14,32:05:00,0,,-
16/10/12,33:11:00,1,,stageB
16/10/10,34:09:00,4,,stageA x4
16/10/10,33:06:00,1,,stage8
16/10/10,32:06:00,0,,-
16/10/10,33:57:00,3,,s8sj | vegas x2
16/10/10,33:38:00,2,,vegas | stageA
16/10/10,34:37:00,1,,stageB
16/10/09,32:02:00,0,,-
16/10/09,34:25:00,1,,slogra
16/10/09,33:50:00,2,,vegas x2
16/10/06,32:11:00,0,,-
16/10/05,33:34:00,2,,s8cj | s9pj2c
16/10/05,33:15:00,2,,vegas | s9pj2c
16/10/01,31:48.90,0,New PB/WR,
16/10/01,31:48.90,0,New PB/WR,
16/10/01,32:31:00,1,,s9pj
16/10/01,33:46:00,2,,s8cj | stageA
16/09/30,32:35:00,1,,vegas
16/09/30,33:45:00,2,,s9pj | stageA
16/09/28,33:57:00,1,,zaft bat
16/09/28,33:22:00,1,race (2nd),stage7
16/09/27,32:12:00,0,,-
16/09/27,32:59:00,1,,s9pj
16/09/27,32:03:00,0,,-
16/09/26,33:08:00,1,,stageB
16/09/26,35:51:00,5,,s8cj x2 | vegas | s9pj2cw | stageA
16/09/26,33:42:00,1,,stage9
16/09/26,37:09:00,5,,s8cj | stageA | stageB | slogra
16/09/25,39:49:00,8,,too many
16/09/25,34:30:00,2,,s9pj | slogra
16/09/24,31:58:00,0,,-
16/09/21,34:03:00,4,,vegas x2 | stage8 | s9pj
16/09/21,32:31:00,1,,s9pj
16/09/20,33:03:00,1,,s9pj
16/09/20,33:40:00,2,,s8cj | s9pj
16/09/20,35:00:00,4,,stage8 x2 | s9pj | stageA
16/09/20,32:50:00,1,,s9pj
16/09/20,32:30:00,1,,s9pj
16/09/19,32:53:00,1,,stage9
16/09/19,33:45:00,3,,s8sj | stage9 | s9pj
16/09/18,32:48:00,1,,dick bones
16/09/18,33:33:00,1,race (1st),stage8
16/09/17,32:44:00,1,,s9pj
16/09/17,33:10:00,2,,vegas | s9pj
16/09/17,34:10:00,3,,vegas | s9pj | stageA
16/09/17,32:36:00,1,,s9pj
16/09/17,33:13:00,2,,s9pj | stageA
16/09/16,35:05:00,4,,s8cj | stage8 | s9pj | stageA
16/09/16,32:06.6,0,,-
16/09/14,32:39:00,1,,s9pj
16/09/13,34:11:00,3,,s8cj x2 | stageA
16/09/13,33:33:00,2,,s9pj | dracula
16/09/12,34:30:00,3,,stage8 | s9pj | stageA
16/09/08,33:37:00,3,,vegas x2 | s9pj
16/09/08,35:25:00,4,,vegas | s9pj | slogra | death
16/09/08,33:10:00,1,,stage9
16/09/08,33:14:00,1,,s9pj
16/09/07,32:53:00,0,race (1st),-
16/09/07,33:00:00,1,,stage8
16/09/07,34:03:00,3,,s8cj x2 | s9pj
16/09/07,33:36:00,3,,stage8 | vegas | s9pj
16/09/07,34:04:00,1,,s9pj
16/09/02,35:48:00,4,,s8cj | stage9 | s9pj | stageB
16/09/02,32:42:00,1,,s9pj
16/09/01,33:20:00,1,,s9pj
16/09/01,36:12:00,5,,s8sj x2 | vegas x2 | stageB
16/09/01,35:10:00,3,,s8cj | stageB x2
16/08/31,34:56:00,3,,vegas | stageB x2
16/08/31,33:04:00,2,,vegas | s9pj
16/08/31,32:06.76,0,,-
16/08/31,34:12:00,1,,slogra
16/08/31,36:52:00,6,,s8cj | stage8 | s8sj | s9pj | stageB | slogra
16/08/30,32:07.80,0,,-
16/08/29,33:38:00,3,,vegas x2 | s9pj
16/08/29,33:26:00,2,,stage9 | stageA
16/08/29,32:47:00,1,,s8cj
16/08/29,32:29:00,1,,stage8
16/08/29,34:07:00,2,,stage8 x2
16/08/29,33:38:00,2,,s8cj | vegas
16/08/27,32:48:00,1,,s8cj
16/08/27,33:11:00,2,,s9pj | stageA
16/08/27,33:51:00,2,,s8cj | s9pj
16/08/26,33:09:00,2,,vegas x2
16/08/26,32:59:00,2,,s9pj2 | stageA
16/08/26,32:56:00,1,,vegas
16/08/25,32:39:00,1,,stage8
16/08/25,34:15:00,3,,s9sj | s9pj | dick deaths
16/08/25,33:03:00,1,,vegas
16/08/25,33:01:00,1,,s8cj
16/08/24,39:48:00,9,,stage8 x5 | stageA
16/08/24,33:03:00,1,,vegas
16/08/24,33:44:00,2,,vegas | s9pj
16/08/24,32:42:00,1,,s9pj
16/08/24,35:39:00,3,,s9pj2 | slogra | dracula
16/08/24,34:26:00,2,,s9pj2 | stageB ring
16/08/22,35:12:00,3,Race (2nd),chandelier x2 | stage8
16/08/22,32:00.62,0,,-
16/08/22,35:58:00,4,,stage6 | stage8 | stageA | stageB
16/08/20,33:28.74,2,Race (1st),stage3 x2
16/08/20,35:53:00,5,,vegas x3 | s8sj | stage9
16/08/20,43:40:00,4,,vegas x2 | s9pj2
16/08/19,34:04:00,3,,stage8 x2 | s9pj2
16/08/18,33:00:00,2,,s8sj | s9pj
16/08/18,33:28:00,3,,s8sj | vegas | s9pj
16/08/17,32:34:00,1,,s9pj
16/08/17,38:01:00,7,,stage 8x4 | stageBx2 | Death
16/08/16,31:55.05,0,New PB/WR,-
16/08/15,32:07:00,0,,-
16/08/15,32:42:00,1,,s9pj
16/08/14,32:01:00,0,,-
16/08/14,35:18:00,4,,vegas x2 | s9pj | stageB
16/08/13,32:11:00,0,,-
16/08/13,33:19:00,1,,s9pj
16/08/13,32:47:00,2,,s8sj | s9pj
16/08/13,35:28:00,3,,s81fj x2 | s9pj
16/08/12,32:39:00,1,,stageB
16/08/12,34:08:00,2,,vegas | stageA
16/08/12,33:42:00,3,,vegas | s9pj | stageA
16/08/12,32:57:00,1,,s9pj
16/08/12,33:35:00,2,,s81fj | s9pj
16/08/12,34:30:00,1,,stageB
16/08/11,34:19:00,3,,vegas | stageA | stageB
16/08/11,34:40:00,4,,s9pj | stage A | stage Bx2
16/08/11,33:57:00,2,,Dracula | stageB
16/08/10,32:08:70,0,,-
16/08/09,32:36:00,1,,s9pj
16/08/09,32:26:00,0,,-
16/08/09,32:08:21,0,,-
16/08/09,32:30:00,0,,-
16/08/09,33:58:00,3,,stage8 | frankenstein | s9pj
16/08/08,32:30:00,0,,-
16/08/08,32:17:00,0,,-
16/08/08,32:52:00,1,,s9pj
16/08/05,32:39:00,1,,stageA
16/08/05,35:53:00,5,,stage8 | vegas | s9pj | stageA
16/08/05,32:54:00,1,,stageA
16/08/04,32:41:00,0,,-
16/08/04,34:09:00,2,,vegas | stageB
16/08/04,35:04:00,2,,vegas | slogra
16/08/04,32:45:00,1,,s9pj
16/08/02,35:16:00,3,,stage5 | vegas x2
16/08/02,34:59:00,2,,s9pj | stage9
16/08/02,32:37:00,1,,s9pj
16/08/02,34:02:00,2,,vegas | stageB ring
16/08/02,31:58.61,0,/\ WR ATTEMPTS /\,-
16/08/01,34:49:00,2,\/ NO RESETS \/,stage3 | stage8
16/08/01,33:37:00,1,,chandelier
16/07/31,37:01:00,5,,stage3 x4 | stageB
16/07/31,33:43:00,1,,chandelier
16/07/30,32:48:00,0,race (1st),-
16/07/30,33:11:00,1,,stage8
16/07/30,33:08:00,1,,zip
16/07/29,33:12:00,1,race (1st),stage8
16/07/29,33:07:00,2,,vegas | s8sj
16/07/29,33:06:00,1,,stage3
16/07/28,38:00:00,5,,stage3 | chandelier x2 | book jump | Dracula
16/07/28,32:11:00,0,,-
16/07/28,32:36:00,0,,-
16/07/28,32:47:00,0,,-
16/07/28,32:37:00,0,,-
16/07/28,34:53:00,3,,zip | stage5 | stage7
16/07/28,35:24:00,4,,stage 7 | stage A x2
16/07/28,35:08:00,3,,chandelier x2 | book jump
16/07/27,35:23:00,3,,stage3 jumps | stage8 x2
16/07/27,35:47:00,4,,zip | book jump | dick bones | stageA
16/07/27,32:15:00,0,,-
16/07/26,33:07:00,1,,stageA
16/07/26,34:04:00,2,,stage7 | stageA
16/07/26,32:19:00,0,,-
16/07/26,33:07:00,1,,vegas
16/07/24,33:19:00,1,,stage3
16/07/24,34:47:00,2,,chandelier | stage9
16/07/24,32:35:00,0,,-
16/07/24,33:07:00,1,,zip
16/07/22,32:37:00,0,,-
16/07/22,32:53:00,0,,-
16/07/21,34:54:00,2,,stage3 | koronot
16/07/21,33:27:00,1,,bridge
16/07/20,35:03:00,2,,chandelier | dick bones
16/07/20,34:13:00,2,,bridge | stageA
16/07/19,33:08:00,1,,stage3
16/07/18,33:22:00,1,,zip
16/07/18,33:19:00,1,,zip
16/07/17,33:59:00,2,,zip | stage7 book room
16/07/17,32:43:00,0,,-
16/07/16,36:??,4,,zip | stageA x3
16/07/16,32:36:00,0,,-
16/07/16,34:51:00,3,,stage8 x2 | stageA
16/07/16,33:47:00,2,,stageA x2
16/07/15,34:41:00,2,,stage3 | stage7
16/07/14,32:36:00,1,,stage3
16/07/14,32:53:00,0,,-
16/07/12,33:54:00,2,,zip | stageA
16/07/12,33:02:00,1,,zip
16/07/9,35:04:00,3,,stageA x3
16/07/9,32:41:00,0,,-
16/07/9,35:02:00,4,,stage7 | stage8 | vegas
16/07/5,34:29:00,3,,chandelier | vegas | s8sj
16/07/5,32:27:00,0,,-
16/06/27,33:46:00,2,,stage3 x2
16/06/27,34:30:00,3,,Koronot | s8sj | StageA
16/06/27,35:09:00,3,,s8sj | stageA | atageB
16/06/25,32:18:00,0,,-
16/06/25,33:22:00,1,,stageA
16/06/22,36:01:00,3,,stage6 | stageA x2
16/06/22,34:44:00,2,,stage3 | stageA
16/06/18,34:51:00,2,,bridge | stageB
16/06/11,35:37:00,4,Buckeye Speedbash,coffins | stageB x3
16/06/09,33:07:00,1,,stage7
16/06/09,34:13:00,1,,chandelier
16/06/08,34:12:00,2,,zip | stageA
16/06/05,37:31:00,4,,stage3 | stage 4 | s8sj | stageB
16/06/05,34:39:00,3,,coffins | stage9 | stageA
16/06/05,35:14:00,2,,chandelier | vegas
16/06/05,33:00:00,0,,-
16/06/01,36:56:00,5,,stage3 | chandelier | vegas
16/06/01,35:17:00,3,,stage6 | stage A x2
16/05/19,34:48:00,2,,stage 3 | stage B
16/05/19,33:28:00,1,,stage 3
16/05/19,36:17:00,4,,stage 3 x3 | stage5
16/05/15,34:23:00,1,,stage9
16/05/15,33:24:00,1,,vegas
16/05/12,32:39:00,0,,-
16/05/12,36:33:00,4,,Koronot | s81fj | vegas | stage A
16/05/05,33:16:00,0,race (1st),-
16/04/29,36:34:00,4,,stage8 | vegas | stageA | stageB
16/04/29,33:54:00,1,,stage9
16/04/24,33:17:00,1,,stageA
16/04/24,39:45:00,8,,too many
16/04/18,41:18:00,8,,too many
16/03/31,34:10:00,2,,s9pj | stageA
16/03/31,33:22:00,2,,vegas | s9pj
16/03/26,33:37:00,1,,s9pj
16/03/26,33:11:00,1,,stageA
16/03/19,32:58:00,0,race (1st),-
16/03/17,32:41:00,0,,-
16/03/17,34:57:00,2,,stage3 | vegas
16/03/15,36:40:00,4,,stage3 | zip | chandelier | stage9
16/03/15,32:56:00,1,,zip
16/03/15,38:49:00,7,,stage3 | zip | s81fj | stageB x3
16/03/13,34:24:00,4,,stage3 | zip | stage4 | 
16/03/13,34:15:00,2,,stage3 | stageA
16/03/09,43:38:00,12,,too many
16/03/09,38:23:00,6,,stage3 | vegas x2 | stageA
16/03/09,35:36:00,4,,stage3 | s8sj | vegas | s9pj
16/03/03,36:12:00,3,,vipers | chandelier | stage8
16/03/03,35:01:00,3,,coffins | book jump | stage9
16/02/27,33:38:00,1,race,stage8
16/02/27,35:01:00,3,,stage5 | chandelier | s9pj
16/02/19,39:19:00,8,,to many
16/02/19,33:53:00,2,,stage8 | s9pj
16/02/12,39:11:00,8,,too many
16/02/12,35:28:00,3,,stage 6 | book jump | vegas
16/02/06,36:19:00,4,,stage 6 | stage 7
16/02/06,36:17:00,3,,s81fj | s9pj | Slogra
16/02/01,35:36:00,5,,vegas x2 | s9pj | stageA
16/02/01,38:51:00,6,,stage 3 x3 | stage4 | s9pj
16/01/28,33:30:00,1,,stage 6
16/01/28,34:08:00,2,,zip | stage A
16/01/24,34:51:00,3,,stage 8x2 | s8sj
16/01/24,35:51:00,4,,stage3 | stage A | Stage B x2
16/01/20,35:16:00,3,,3 | 4 | s91fj
16/01/20,37:46:00,7,,book room x2 | 8 | s9pj | stage A | slogra
16/01/16,36:41:00,4,,stage3 | koronot | stage8 | stage9 
16/01/16,33:21:00,1,,vegas
16/01/12,34:09:00,3,,stage 2 | s8sj | s9pj
16/01/12,34:13:00,2,,stage A x2
16/01/10,33:55:00,1,,stage9
16/01/10,37:30:00,6,,zip | stage 8 x4 | s9pj
16/01/03,35:02:00,3,,Koronot | stage7 | 
16/01/03,33:46:00,3,,book jump | stage7 | s8sj
15/12/24,36:47:00,7,,zip | chandelier x2 | vegas | s9sj | stage9
15/12/23,35:07:00,3,,zip | s81fj | stage B
15/12/22,32:47:00,1,,vegas
15/12/22,39:00:00,8,,3 x2 | 4 | chandelier | 8 x4
15/12/17,38:58:00,6,,3 | zip | s9pj | A | B x2
15/12/17,33:13:00,1,,stage9
15/12/16,32:31:00,1,,s9pj
15/12/16,37:37:00,5,,zip | chandelier x3 | stage6 | 
15/12/15,35:00:00,2,,s9pj | chandelier
15/12/15,33:08:00,1,,s9pj
15/12/11,33:41:00,1,,s9pj
15/12/11,36:37:00,4,,3 | chandelier | s9pj
15/12/10,41:18:00,10,,chandelier x3 | stage8 x? | s9pj
15/12/03,37:02:00,6,,8 | vegas x4 | B
15/12/01,35:35:00,4,,6 | 7 x2 | 9
15/12/01,38:44:00,6,,6 | 7 | s9pj | A | B
15/11/21,34:15:00,2,,zip | Dracula
15/11/21,32:44:00,1,,s8sj
15/11/19,32:57:00,1,,stage9
15/11/19,34:19:00,4,,stage8 | vegas | s8sj | s9pj
15/11/18,33:17:00,3,,vegas | s8sj | s9pj
15/11/18,35:21:00,1,,slogra
15/11/17,34:00:00,1,,stageB
15/11/17,34:33:00,3,,s81fj x2 | stage8
15/11/16,37:15:00,5,,vegas x2 | stageA | stageB x2
15/11/08,32:34:00,0,,-
15/11/08,34:23:00,2,,stage8 x2
15/11/01,35:26:00,2,/\ NO RESETS /\,stage6 | stageB
15/11/01,35:09:00,3,derust,chandelier | stage8 | s9pj
15/10/14,32:03.82,0,2cyc chandelier/mummy,-
15/10/13,32:21:00,0,,-
15/10/13,33:25:00,2,,vegas | s9pj
15/10/12,34:21:00,3,,s81fj | stage8 x2
15/10/12,34:06:00,4,,s81fj | stage8 x2 | s9pj
15/10/12,32:25:00,1,,stage8
15/10/11,32:24:00,0,,-
15/10/11,34:32:00,3,,s81fj | vegas | s9pj
15/10/11,33:37:00,2,,vegas | s9pj
15/10/11,33:47:00,3,,vegas | s8sj | stageB
15/10/10,32:48:00,1,,s9pj
15/10/10,35:28:00,6,,stage8 x3 | s9pj | vegas | stageA
15/10/08,32:16:00,0,,-
15/10/08,33:50:00,3,,s9pj | stageA x2
15/10/08,34:07:00,2,,stageB x2
15/10/07,33:27:00,2,,s9pj | stageA
15/10/07,33:28:00,2,,stage8 | vegas
15/10/07,35:51:00,3,,s81fj | s9pj | Slogra
15/10/06,33:02:00,1,,s9pj
15/10/06,35:03:00,3,,s81fj x2 | stageA
15/10/04,32:44:00,0,Weekly Race (1st),-
15/9/30,33:02:00,2,,vegas | s9pj
15/9/29,34:58:00,2,,chandelier | stageB
15/9/29,36:35:00,5,,stage8 | vegas | s8sj x2 | s9pj
15/9/28,32:49:00,2,,s8sj | s9pj
15/9/28,32:21:00,0,,-
15/9/27,33:58:00,2,Weekly Race (1st),stage8 x2
15/9/25,36:04:00,4,,s81fj | vegas | s9pj | stageB
15/9/25,33:29:00,2,,vegas | s9pj
15/9/24,32:39:00,1,,vegas
15/9/24,36:07:00,5,,s81fj | vegas | stage9 | stageA x2
15/9/24,33:10:00,3,,vegas | stage8 | s9pj
15/9/24,33:15:00,1,,s81fj
15/9/23,33:24:00,1,,vegas
15/9/22,33:56:00,2,,s9pj | mummy
15/9/22,33:41:00,2,,vegas | s9pj
15/9/22,32:36:00,1,,vegas
15/9/22,32:51:00,1,,s9pj
15/9/21,31:58.11,0,,-
15/9/20,33:05:00,2,,s8sj | s9pj
15/9/20,32:18:00,0,Weekly Race (1st),-
15/9/19,32:55:00,2,,s8sj | vegas
15/9/19,34:23:00,2,,s9pj | stageB
15/9/17,37:51:00,5,,chandelier | stage8 | s8sj | vegas | stageB
15/9/17,32:43:00,1,,s9pj
15/9/16,32:25:00,0,,-
15/9/16,32:33:00,1,,vegas
15/9/16,34:36:00,4,,s81fj x2 | stage8 | stageB
15/9/15,33:16:00,2,,vegas | s9pj
15/9/15,32:17:00,0,,-
15/9/13,34:50:00,3,,chandelier | book jump | s9pj
15/9/13,33:21:00,3,,s9sj | stage9 x2
15/9/13,32:21:00,0,,-
15/9/13,32:27:00,0,Weekly Race (1st),-
15/9/13,33:51:00,2,,s81fj x2
15/9/09,33:02:00,1,,s9pj
15/9/08,33:30:00,2,,stage8 | s9pj
15/9/08,32:39:00,0,\/ END RESETS \/,-
15/9/06,31:55.81,0,New PB/WR,-
15/9/06,32:11:00,0,,-
15/9/06,34:01:00,2,Weekly Race (2nd),stage5 | chandelier
15/9/04,32:24:00,0,,-
15/9/03,32:29:00,0,,-
15/9/02,32:04.95,0,,-
15/9/02,32:20:00,0,,-
15/9/01,32:08.73,0,/\ FULL RESETS /\,-
15/9/01,34:13:00,1,,Slogra
15/9/01,32:35:00,1,,s9pj
15/8/31,33:57:00,2,,s81fj | stage8
15/8/31,34:04:00,4,,stage8 x2 | vegas x2
15/8/31,32:15:00,0,,-
15/8/30,35:21:00,5,,s81fj x3 | stage8 x2
15/8/30,33:07:00,2,,s81fj | stage8
15/8/30,32:04:49,0,,-
15/8/30,32:24:00,1,,s9pj
15/8/30,34:13:00,1,Weekly Race (3rd),stage3
15/8/30,33:43:00,1,,stageB
15/8/30,33:32:00,2,,vegas | stageA
15/8/29,32:03.03,0,2cyc chand | 7cyc drac,-
15/8/29,33:35:00,2,,vegas | s9pj
15/8/29,32:53:00,1,,vegas
15/8/29,32:33:00,0,,-
15/8/28,32:57:00,1,,s9pj
15/8/27,32:04.39,0,2cyc chand | no coffins,-
15/8/26,32:56:00,1,,vegas
15/8/25,32:09.46,0,2cyc chand/mummy,-
15/8/25,32:37:00,1,,vegas
15/8/25,34:55:00,4,,s81fj | stage8 | s9pj | stage9
15/8/24,35:24:00,5,,stage8 | s81fj x2 | vegas | s9pj
15/8/24,33:43:00,1,,stageB
15/8/24,34:28:00,1,,Slogra
15/8/23,32:30:00,0,,-
15/8/23,32:25:00,0,,-
15/8/23,33:32:00,2,,vegas x2
15/8/23,33:28:00,1,Weekly Race (1st),zip
15/8/22,33:54:00,2,,stage8 | s81fj
15/8/22,32:26:00,0,,-
15/8/21,32:50:00,1,,s9sj
15/8/21,32:27:00,0,,-
15/8/20,32:21:00,0,,-
15/8/20,32:44:00,1,,s9pj
15/8/20,33:43:00,3,,vegas | stage9 | s9pj
15/8/19,34:58:00,4,,vegas | s9pj | stageA x2
15/8/18,32:01.99,0,New PB/WR,-
15/8/17,33:39:00,2,,s9pj | stageA
15/8/17,32:49:00,0,,-
15/8/17,32:21:00,0,,-
15/8/16,32:32:00,0,Weekly Race (1st),-
15/8/15,34:18:00,1,,Zaft Bat
15/8/15,34:24:00,3,,s81fj | stage8 | s9pj
15/8/15,32:21:00,0,,-
15/8/14,34:07:00,1,,Slogra
15/8/14,33:09:00,1,,vegas
15/8/14,35:04:00,5,,s81fj | stage8 x3 | stage9 ring glitch
15/8/09,32:39:00,1,,s9pj
15/8/09,33:16:00,1,Weekly Race (1st),stage1 wall clip
15/8/07,32:59:00,1,,stage8
15/8/07,33:17:00,1,,stage9
15/7/30,35:13:00,2,SGDQ Run,Stage1 wall clip | chandeliers
15/7/26,34:46:00,2,,s81fj | s8sj
15/7/25,34:28:00,4,,s8sj | vegas x2 | s9sj
15/7/25,33:43:00,3,,vegas x2 | s8sj
15/7/25,33:49:00,2,,stage9 ring snap | stageA
15/7/24,33:13:00,2,,s81fj | s8sj
15/7/23,32:52:00,1,,s9pj
15/7/22,32:52:00,1,,s9pj
15/7/22,32:11:00,0,,-
15/7/22,33:32:00,1,,stageA
15/7/22,32:33:00,0,,-
15/7/22,36:24:00,5,,s81fj x3 | stage8 x2
15/7/21,32:51:00,1,,s9sj
15/7/21,33:13:00,1,,s9pj
15/7/21,33:32:00,3,,s81fj | vegas | s8sj
15/7/20,33:33:00,2,,stageA x2
15/7/20,32:58:00,1,,stageA
15/7/20,32:24:00,0,,-
15/7/19,33:44:00,2,,stage8 x2
15/7/19,33:07:00,1,Weekly Race (2nd),stageA
15/7/19,34:53:00,3,,stage3 | zip | vegas
15/7/18,32:32:00,1,,s9pj
15/7/18,34:18:00,1,,slogra
15/7/18,33:35:00,2,,vegas x2
15/7/18,33:44:00,2,,s9pj | stageA
15/7/17,32:25:00,0,,-
15/7/17,33:16:00,2,,vegas | s9pj
15/7/16,32:11:00,0,,-
15/7/16,34:02:00,2,,stage8 x2
15/7/16,33:05:00,2,,stage8 | s9pj
15/7/15,33:30:00,2,,s8sj | s9pj
15/7/15,32:19:00,1,,s8sj
15/7/15,32:28:00,0,,-
15/7/14,32:54:00,1,,vegas
15/7/14,33:58:00,2,,vegas | stageA
15/7/12,34:17:00,3,,stage8 | stageA x2
15/7/12,33:40:00,2,,vegas | s9pj
15/7/12,37:03:00,4,,stageA x2 | Slogra | Dracula
15/7/12,33:33:00,1,Weekly Race (1st),chandelier
15/7/12,32:41:00,1,,s9pj
15/7/12,35:35:00,4,,vegas | stage9 | s9pj | stageA
15/7/12,32:59:00,1,,s81fj
15/7/10,32:04:62,0,,-
15/7/10,32:06:99,0,,-
15/7/10,32:11:00,0,,-
15/7/10,34:05:00,2,,s9pj | mummy
15/7/09,33:12:00,1,,stage8
15/7/09,32:18:00,1,,s8sj
15/7/09,35:05:00,2,,chandelier x2
15/7/07,35:13:00,2,,vegas | slogra
15/7/07,32:17:00,0,,-
15/7/07,33:50:00,2,,vegas | stageA
15/7/06,35:33:00,3,,stage6 | s8sj
15/7/06,32:14:00,0,,-
15/7/06,35:13:00,3,,s81fj | s9pj | stageA
15/7/05,32:30:00,1,,s9pj
15/7/05,33:11:00,1,,vegas
15/7/05,33:01:00,1,Weekly Race (1st),stage8
15/7/04,32:07:86,0,,-
15/7/03,33:43:00,2,,s81fj | s9pj
15/7/03,34:01:00,3,,s9pj | stageA x2
15/7/03,33:10:00,1,,s81fj
15/7/03,32:45:00,1,,vegas
15/7/03,32:58:00,1,,s9pj
15/7/02,32:59:00,1,,stage8
15/7/01,33:26:00,2,,s8sj | stageA
15/7/01,33:11:00,2,,s8sj | s9pj
15/7/01,35:43:00,3,,s81fj | stage8 | Slogra
15/7/01,32:44:00,1,,vegas
15/7/01,34:59:00,3,,vegas | stageB x2
15/6/30,34:34:00,4,,s81fj | stage8 x2 | stageA
15/6/30,33:03:00,1,,vegas
15/6/30,32:34:00,1,,stage8
15/6/30,32:59:00,1,,s9pj
15/6/29,33:15:00,1,,stage9
15/6/29,32:39:00,1,,vegas
15/6/28,32:34:00,0,,-
15/6/28,32:26:00,0,Weekly Race (1st),-
15/6/27,33:25:00,1,,stageA
15/6/27,33:52:00,2,,s9pj | stageA
15/6/27,35:49:00,4,,stage8 | s9pj | stageA x2
15/6/27,34:23:00,2,,vegas | stageB
15/6/26,32:11:00,0,,-
15/6/26,33:23:00,1,,s81fj
15/6/26,33:27:00,1,,stageA
15/6/25,35:04:00,3,,s81fj | vegas | s9pj
15/6/25,32:20:00,0,,-
15/6/25,32:48:00,1,,s9pj
15/6/24,33:03:00,1,,s9pj
15/6/23,33:09:00,1,,vegas
15/6/23,32:43:00,1,,s9pj
15/6/22,34:13:00,3,,s81fj | vegas | stage9 stair jump
15/6/21,32:47:00,1,,vegas
15/6/21,35:27:00,3,Weekly Race (1st),stage3 x2 | stage6
15/6/20,32:30:00,0,,-
15/6/19,35:17:00,4,,s81fj | s9pj | stageA | stageB
15/6/19,34:24:00,1,,Slogra
15/6/18,32:13:00,0,,-
15/6/18,32:41:00,1,,s9pj
15/6/17,32:54:00,1,,vegas
15/6/17,33:00:00,1,,vegas
15/6/15,33:13:00,2,,stage8 | s9pj
15/6/15,32:11:00,0,,-
15/6/14,32:38:00,0,Weekly Race (1st),-
15/6/12,32:09:00,0,,-
15/6/12,33:22:00,1,,stageA
15/6/11,32:53:00,1,,s9pj
15/6/11,37:22:00,8,,s81fj x4 | stage8 x2 | vegas | s9pj
15/6/11,33:40:00,1,Race,chandelier
15/6/10,33:40:00,2,,stage8 | s9pj
15/6/10,37:15:00,3,,s9pj | stageB | Slogra
15/6/09,33:08:00,1,,stage9
15/6/09,33:00:00,2,,vegas | s9pj
15/6/09,32:43:00,1,,s9pj
15/6/09,34:00:00,3,,s81fj | stage8 | s9pj
15/6/09,32:59:00,1,,stage8
15/6/08,33:43:00,1,,stage9
15/6/08,33:17:00,1,,stageA
15/6/07,34:13:00,2,,Book jump room | stage8
15/6/07,33:27:00,0,Weekly Race (1st),-
15/6/06,35:16:00,4,,chandelier x2 | s8sj | stageA
15/6/06,32:37:00,1,,s9pj
15/6/06,34:17:00,1,,Slogra
15/6/03,33:17:00,2,,stage8 | vegas
15/6/01,36:56:00,5,,stage8 | s9pj | Slogra
15/6/01,32:18:00,0,,-
15/5/31,32:39:00,1,,s9pj
15/5/31,34:54:00,3,,vegas | s9pj | stageB
15/5/31,35:19:00,3,Weekly Race (1st),stageB | stageA x2
15/5/30,34:01:00,3,,stage3 | zip | s9pj
15/5/29,37:48:00,6,,s81fj | stage8 | vegas x4
15/5/27,32:13:00,0,,-
15/5/27,33:31:00,2,,s9pj | stageA
15/5/27,35:22:00,4,,vegas x3 | stageA
15/5/25,34:10:00,3,,stage8 | s9pj | stageB
15/5/24,33:26:00,2,,vegas | s9pj
15/5/24,32:55:00,1,,s9sj
15/5/24,33:22:00,1,Weekly Race (2nd),chandelier
15/5/22,32:29:00,0,,-
15/5/17,34:21:00,1,Weekly Race (1st),stage3
15/5/15,37:58:00,6,,s8sj | vegas x2 | s9pj | slogra
15/5/15,33:51:00,2,,vegas x2
15/5/15,34:20:00,3,,vegas | stage9 | s9pj
15/5/13,34:31:00,2,,chandelier | stage7
15/5/13,35:09:00,3,,vegas | zaft bat | stageB
15/5/12,32:03:97,0,New PB/WR,-
15/5/12,34:49:00,2,,stage 8x2
15/5/10,33:53:00,1,Weekly Race (2nd),chandelier
15/5/08,33:32:00,2,,vegas x2
15/5/08,33:12:00,1,,s81fj
15/5/08,33:12:00,1,,s9pj
15/5/07,34:18:00,2,,stage8 | stageA
15/5/07,32:30:00,0,,-
15/5/06,32:26:00,0,,-
15/5/05,33:53:00,3,,stage8 | vegas | stageA
15/5/05,32:43:00,1,,s9pj
15/5/05,33:03:00,1,,stage8
15/5/03,33:48:00,2,,s9pj | stageA
15/5/03,39:13:00,6,Weekly Race (5th),too many
15/5/01,37:24:00,5,,s81fj | s9sj | stageA | Mummy | stageB
15/5/01,36:49:00,4,,stage8 x2 | s9pj | stageB
15/4/30,34:08:00,1,,stageA
15/4/30,32:47:00,0,,-
15/4/27,33:18:00,0,,-
15/4/26,37:52:00,5,,zip | s9sj | stage9 | stageA
15/4/26,33:47:00,2,Weekly Race (1st),stage1 | zip
15/4/23,35:35:00,4,,stage8 x2 | vegas | stage9
15/4/23,32:27:00,0,,-
15/4/22,32:47:00,1,,vegas
15/4/22,33:06:00,1,,s9pj
15/4/21,32:23:00,0,,-
15/4/21,33:17:00,1,,s81fj
15/4/19,32:52:00,0,Weekly Race (1st),-
15/4/17,32:05:23,0,New PB/WR,-
15/4/16,33:53:00,2,,s9pj | stageA
15/4/16,32:19:00,0,,-
15/4/16,34:52:00,5,,stage8 x5
15/4/16,34:13:00,3,,stage8 x3
15/4/16,32:23:00,0,,-
15/4/15,33:24:00,2,,s81fj | stageA
15/4/15,33:42:00,1,,s9pj
15/4/15,33:15:00,1,,s81fj
15/4/15,32:36:00,1,,s8sj
15/4/15,33:01:00,1,,s9pj
15/4/14,34:06:00,3,,vegas x2 | s9pj
15/4/14,32:18:00,0,,-
15/4/14,34:32:00,1,,Mummy
15/4/13,34:26:00,3,,vegas | s9pj | DickBones
15/4/13,33:11:00,1,,s9pj
15/4/12,33:24:00,1,Weekly Race (2nd),zip
15/4/11,33:03:00,1,,stageA
15/4/11,33:02:00,1,,vegas
15/4/10,32:18:00,0,,-
15/4/10,32:48:00,0,,-
15/4/10,33:33:00,2,,vegas | s9pj
15/4/09,35:09:00,4,,stage8 | s81fj | vegas | s9pj
15/4/09,40:50:00,8,,s8sj | vegas x2 | s9 x2 | s9pj | sB | slogra
15/4/08,32:17:00,0,,-
15/4/08,33:05:00,1,,s9pj
15/4/08,34:41:00,2,,s81fj | Dracula
15/4/06,32:33:00,0,,-
15/4/06,35:18:00,3,,chandelier x2 | s7
15/4/06,39:28:00,5,,chandelier | sir grakul | sA | sB | Slogra
15/4/05,33:35:00,2,,stage8 | s9pj
15/4/05,34:37:00,2,Weekly Race (1st),chandelier | vegas
15/4/04,34:42:00,3,,stage 8 x2 | vegas
15/4/03,32:52:00,1,,s9pj
15/4/02,35:30:00,2,,vegas | slogra
15/4/01,32:30:00,0,,-
15/4/01,33:36:00,1,,Frankenstein
15/4/01,34:45:00,2,,s9pj | slogra
15/4/01,33:27:00,2,,stage8 | s9pj
15/4/01,32:54:00,1,,s9pj
15/3/31,34:24:00,1,,stageB
15/3/31,33:13:00,2,,stage8 x2
15/3/31,34:40:00,4,,stage8 | s81fj | vegas | s9pj
15/3/30,33:34:00,2,,vegas | s9pj
15/3/30,34:11:00,2,,stage8 x2
15/3/29,38:58:00,5,,chandailer x2 | mummy | stageB x2
15/3/29,33:04:00,1,,s9pj
15/3/29,35:47:00,3,,vegas | s9pj | slogra
15/3/27,33:29:00,2,,vegas | s9pj
15/3/27,33:37:00,2,,vegas | s9pj
15/3/27,32:50:00,1,,s9pj
15/3/26,38:08:00,6,,chandailer x3 | s9pj | DickBones | stageA
15/3/26,32:31:00,0,,-
15/3/25,33:11:00,2,,stage8 | s9pj
15/3/25,35:06:00,3,,s9pj | stageB
15/3/24,32:39:00,0,,-
15/3/24,37:11:00,7,,s81fj | vegas | stage8 x2 | s9pj | stageB
15/3/19,33:59:00,2,,stage5 | s9pj
15/3/18,33:11:00,1,,vegas
15/3/18,34:35:00,3,,stage8 x2 | s9pj
15/3/18,34:09:00,1,,Dracula
15/3/18,33:42:00,1,,book jump
15/3/17,32:19:00,0,,-
15/3/16,32:30:00,0,,-
15/3/16,36:27:00,3,,vegas | s9pj | Slogra
15/3/15,33:16:00,1,,s9pj
15/3/15,33:18:00,1,,stageA
15/3/13,35:40:00,2,,zip | Slogra
15/3/13,35:18:00,5,,vegas | s9pj x2 | stageA | stageB
15/3/13,35:40:00,4,,s9pj x2 | stageA | stageB
15/3/12,35:42:00,4,S9PJ /\,vegas | s9pj | stageA x2
15/3/12,32:12:00,0,,-
15/3/12,33:13:00,1,,stage3
15/3/8,36:30:00,4,weekly race (2nd),zip | chandailer x2 | Sir Grakul
15/3/7,32:06:00,0,New PB/WR,-
15/3/6,32:36:00,0,,-
15/3/6,34:49:00,1,,Slogra
15/3/6,33:43:00,1,,Dracula
15/3/5,32:41:00,0,,-
15/3/4,35:36:00,2,,Slogra | Dracula
15/3/4,32:31:00,1,,stage8
15/3/3,32:46:00,1,,stage8
15/3/2,38:12:00,6,,stage8 x5 | Zaft Bat
15/3/2,34:57:00,6,,s8sj x3 | stageA x3
15/3/2,33:08:00,2,,s8d
15/3/2,35:25:00,1,,s81fj
15/3/1,33:00:00,0,weekly race (1st),-
15/2/27,32:22:00,0,,-
15/2/27,32:55:00,1,,vegas
15/2/27,32:49:00,0,,-
15/2/27,34:05:00,2,,s8sj | stageB
15/2/27,34:43:00,3,,s81fj | stage8 | vegas
15/2/26,32:40:00,0,,-
15/2/26,32:30:00,0,,-
15/2/25,34:35:00,2,,zip | book jump
15/2/25,35:38:00,4,,s81fj x2 | stage8 | vegas
15/2/25,32:36:00,1,,s8sj
15/2/24,34:20:00,2,,stage8 | stage9
15/2/23,32:22:00,0,,-
15/2/23,33:52:00,3,,s81fj | stage8 | vegas
15/2/23,34:37:00,2,,stage8 | stageA
15/2/23,34:05:00,2,,s81fj | vegas
15/2/23,32:59:00,1,,stageB
15/2/22,35:08:00,2,weekly race (3rd),stageA x2
15/2/21,33:41:00,2,,stageA x2
15/2/21,34:23:00,1,,stageB
15/2/21,34:10:00,2,,stage8 x2
15/2/20,32:42:00,0,,-
15/2/20,33:02:00,1,,stageB
15/2/20,32:55:00,1,,s8sj
15/2/20,33:34:00,1,,vegas
15/2/20,38:12:00,6,,stage8 x5 | stageA
15/2/19,35:11:00,2,,Slogra | Death
15/2/19,36:50:00,4,,zip | chandailer | stageA x2
15/2/19,32:21:00,0,,-
15/2/15,33:30:00,0,weekly race (2nd),-
15/2/14,32:18:00,0,New PB/WR,-
15/2/13,34:36:00,1,,book jump room
15/2/13,33:49:00,1,,s8
15/2/13,34:12:00,2,,s8sc | s8eye
15/2/12,32:50:00,0,,-
15/2/12,32:34:00,0,,-
15/2/12,33:54:00,1,,stageB
15/2/11,34:21:00,2,,vegas | stage9
15/2/11,34:23:00,1,,Slogra
15/2/11,32:51:00,1,,s8sj
15/2/10,33:28:00,1,,s81fj
15/2/10,33:54:00,1,,Pewexil
15/2/10,34:38:00,3,,s81fj | vegas x2
15/2/10,32:44:00,0,,-
15/2/10,33:13:00,2,,s8sj | stage8
15/2/09,33:14:00,1,,stageA
15/2/09,32:30:00,0,,-
15/2/09,32:36:00,0,,-
15/2/09,35:04:00,3,,s81fj x2 | stage8
15/2/08,33:09:00,1,,vegas
15/2/08,33:56:00,1,weekly race (3rd),stage4
15/2/08,34:53:00,4,,zip | s8sj | vegas | stageA
15/2/07,33:40:00,1,,stageA
15/2/07,35:14:00,6,,vegas x3 | s8sj | stageA x2
15/2/07,32:59:00,1,,StageB
15/2/07,32:42:00,0,,-
15/2/06,32:26:00,0,,-
15/2/06,32:53:00,0,,-
15/2/06,35:18:00,3,,s81fj | vegas | stage9
15/2/05,36:18:00,3,,stage8 | stageA | Slogra
15/2/04,34:10:00,1,,Dracula
15/2/04,33:31:00,1,,s81fj
15/2/04,32:33:00,0,,-
15/2/03,35:50:00,2,,s81fj | Slogra
15/2/03,35:45:00,4,,s81fj | stage8 | vegas | stageB
15/2/03,34:39:00,1,,Slogra
15/2/03,35:35:00,3,,s81fj | stage8 | stageB
15/2/03,33:18:00,0,,-
15/2/02,36:00:00,3,,Sir Grakul | stageB x2
15/2/02,32:33:00,0,,-
15/2/01,33:17:00,1,,vegas
15/2/01,34:37:00,2,,s81fj | Dracula
15/2/01,35:18:00,2,weekly race (2nd),chandalier | Dracula
15/2/01,34:56:00,3,,vegas | StageA x2
15/1/31,36:26:00,4,,stage8 | vegas | Frankenstein | stage9
15/1/31,35:23:00,2,,Slogra | Death
15/1/31,34:01:00,2,,s8sj | stageA
15/1/31,34:07:00,2,,vegas | stageA
15/1/31,32:43:00,0,,-
15/1/30,33:07:00,2,,s8sj | stage8
15/1/30,34:05:00,1,,stage9
15/1/30,34:07:00,2,,vegas x2
15/1/29,34:16:00,1,,chandalier
15/1/28,32:57:00,0,,-
15/1/28,34:05:00,2,,vegas | stage9
15/1/26,32:41:00,0,,-
15/1/26,33:18:00,0,,-
15/1/26,35:35:00,4,,vegas x2 | stageA x2
15/1/25,34:19:00,1,weekly race (1st),chandalier
15/1/25,32:55:00,1,,vegas
15/1/24,33:43:00,2,,stage8 | s8sj
15/1/23,34:38:00,1,,stageB
15/1/23,33:43:00,1,,stage9
15/1/21,33:54:00,1,,stageA
15/1/21,32:31:00,0,,-
15/1/21,32:31:00,0,,-
15/1/21,32:51:00,1,,s8sj
15/1/20,34:20:00,2,,stage8 | s8sj
15/1/20,34:56:00,2,,stage9 x2
15/01/20,33:31:00,1,,vegas
15/01/20,34:46:00,2,,vegas | Dracula
15/01/19,35:29:00,3,,vegas x2 | stageA
15/01/18,33:07:00,0,weekly race (1st),-
15/01/17,33:48:00,1,,stage8
15/01/6,33:18:00,0,AGDQ Race,-
15/01/3,40:02:00,7,,zip | stage8 x6
15/01/2,34:33:00,2,,vegas | Death
15/01/2,32:56:00,0,,-
15/01/2,32:57:00,1,,s8sj
14/12/30,32:24.74,0,New PB/WR,-
14/12/30,33:41:00,1,,s81fj
14/12/30,32:44:00,0,,-
14/12/30,33:41:00,1,,vegas
14/12/29,35:13:00,5,american ver.,stage8 x5
14/12/29,33:19:00,2,,s8sj | vegas
14/12/28,34:22:00,3,weekly race (2nd),stage8 | s8sj | vegas
14/12/27,36:24:00,4,,stage7 | s81fj | vegas x2
14/12/27,34:46:00,2,,zip | s81fj
14/12/27,35:15:00,4,,s81fj | s8sj | vegas | stage9
14/12/26,40:52:00,8,,too many
14/12/26,38:09:00,4,,chandalier x2 | vegas | Slogra
14/12/26,38:57:00,8,,too many
14/12/26,36:03:00,4,,zip | s81fj | vegas x2
14/12/26,38:14:00,6,derusting,too many
14/12/26,35:10:00,2,derusting,stage8 | stageA
14/12/26,41:24:00,9,derusting,too many
14/12/26,39:08:00,9,derusting,too many
14/12/24,34:09:00,1,,stageB
14/12/24,34:00:00,1,,stageB
14/12/24,33:30:00,1,,stage8
14/12/23,33:47:00,1,,stage8
14/12/23,32:35:00,0,,-
14/12/23,32:58:00,1,,stage8 stair jump
14/12/23,33:10:00,0,,-
14/12/22,33:29:00,1,,stageA
14/12/22,33:26:00,1,,vegas
14/12/22,33:27:00,1,,stageA
14/12/21,33:09:00,1,weekly race (2nd),stage8
14/12/21,33:10:00,1,,vegas
14/12/21,32:35:00,0,,-
14/12/20,35:50:00,3,,stageB x3
14/12/19,32:50:00,0,,-
14/12/19,33:30:00,1,,stageA
14/12/19,32:45:00,0,,-
14/12/19,33:00:00,0,,-
14/12/18,35:32:00,4,,zip | book jump | stage7 x2
14/12/18,34:27:00,1,,chandalier
14/12/17,33:29:00,1,,vegas
14/12/17,33:23:00,1,,vegas
14/12/17,35:33:00,3,,vegas | stage9 | stageB
14/12/17,35:42:00,3,,stage8 x2 | Dracula
14/12/17,37:56:00,5,,s81fj | stage8 | stage9 | stageB x2
14/12/16,33:39:00,1,,vegas
14/12/16,33:37:00,1,,vegas
14/12/16,32:57:00,0,,-
14/12/15,34:12:00,2,,vegas | stageB
14/12/15,35:10:00,3,,chandalier | vegas | stageA
14/12/15,34:50:00,2,,s81fj | Frankenstein
14/12/14,35:22:00,3,weekly race (5th),zip | vegas | mummy
14/12/13,35:16:00,3,,stage8 x2 | stageA
14/12/13,33:42:00,1,,vegas
14/12/13,32:36:00,0,,-
14/12/12,35:25:00,2,,stage8 | stageB
14/12/12,33:00:00,0,,-
14/12/12,34:05:00,1,,vegas
14/12/12,33:41:00,0,,-
14/12/12,32:46:00,0,,-
14/12/11,34:24:00,1,,Dracula
14/12/11,34:43:00,1,,Zaft Bat
14/12/11,35:08:00,2,,stageB | Dracula
14/12/11,33:56:00,1,,stage3
14/12/11,33:22:00,0,race (2nd),-
14/12/9,37:12:00,4,,zip | chandalier | s81fj | Dracula
14/12/9,35:20:00,2,,book jump | stageB
14/12/8,34:46:00,1,,Dracula
14/12/8,33:56:00,1,,vegas
14/12/8,32:57:00,0,,-
14/12/7,36:13:00,4,,zip | stage5 | chandalier x2
14/12/6,38:45:00,5,,stage8 | stage9 | stageA | stageB | Dracula
14/12/4,35:06:00,2,,chandalier | stageA
14/12/4,35:22:00,3,,stage9 x2 | stageB
14/12/4,33:37:00,1,,vegas
14/12/2,33:17:00,1,,vegas
14/12/2,34:50:00,3,,stage8 x2 | vegas
14/12/2,32:45:00,0,,-
14/12/2,36:55:00,4,,Sir Grakul | stage9 | stageB x2
14/12/2,32:44:00,0,,-
14/12/1,41:14:00,10,,too many
14/12/1,33:18:00,1,,vegas
14/12/1,33:28:00,1,,vegas
14/11/30,34:43:00,1,weekly race (2nd),stageA
14/11/30,35:48:00,4,,chandalier | stage8 stair jump | vegas x2
14/11/30,33:47:00,1,,s81fj
14/11/30,33:05:00,0,,-
14/11/29,34:50:00,2,,stage9 | stageA
14/11/29,35:43:00,2,,chandalier | stageB
14/11/29,33:37:00,1,,stageA
14/11/26,38:25:00,6,,chandalier | stage8 x4 | stageA
14/11/26,32:41:00,0,,-
14/11/26,34:16:00,2,,vegas x2
14/11/25,32:28:00,0,New PB/WR,-
14/11/24,32:56:00,0,,-
14/11/23,34:11:00,1,,s81fj
14/11/23,33:15:00,0,weekly race (1st),-
14/11/19,35:39:00,3,,stage9 | stageB x2
14/11/13,32:36.89,0,New PB/WR,-
14/11/13,36:03:00,2,,stage9 stair jump | Zaft Bat
14/11/12,36:13:00,4,,zip | chandalier x3
14/11/12,34:47:00,3,,zip | vegas x2
14/11/12,39:50:00,6,,zip | chandalier x3 | book jump | stageA
14/11/12,37:17:00,4,,chandalier x4
14/11/11,38:31:00,5,,zip | stage5 chandalier | stage9 | stageA
14/11/11,35:50:00,3,,chandalier | stageA x2
14/11/10,35:50:00,3,,zip | chandalier | stage8
14/11/9,34:49:00,2,weekly race (2nd),zip | stage8
14/11/8,35:20:00,3,,stage8 stair jump | stage8 | stage9
14/11/8,35:24:00,4,,stage8 stair jump | vegas x2 | stageA
14/11/8,34:27:00,3,,stage8 stair jump | stage9 x2
14/11/7,36:40:00,5,,zip | vegas x2 | stage9 | stageA
14/11/7,34:56:00,4,,book jump | stage8 x3
14/11/6,34:28:00,2,,vegas | stageB
14/11/6,35:21:00,3,,stage8 x3
14/11/5,34:19:00,3,,stage8 | vegas x2
14/11/5,34:59:00,2,,stage9 x2
14/11/5,34:58:00,3,,vegas x3
14/11/4,39:02:00,6,,zip | chandalier | s8 1fj | vegas x2 | zaft bat
14/11/4,34:13:00,1,,stage9
14/11/4,35:02:00,3,,vegas x3
14/11/3,35:37:00,2,,stage5 | Zaft Bat
14/11/3,36:20:00,5,,s8 1fJ | vegas x2 | stageA x2
14/11/3,33:37:00,2,,stage8 x2
14/10/30,32:45:00,0,New PB,-
14/10/30,32:57:00,0,,-
14/10/30,33:06:00,0,,-
14/10/29,33:39:00,1,,vegas
14/10/29,32:58:00,0,,-
14/10/29,34:09:00,2,,stage8 x2
14/10/29,36:43:00,5,,vegas x3 | stage9x2
14/10/28,37:04:00,5,,stage8 x3 | vegas | stageB
14/10/28,32:50:00,0,,-
14/10/28,34:09:00,2,,vegas x2
14/10/27,33:05:00,0,,-
14/10/27,33:39:00,1,,vegas
14/10/27,33:38:00,0,,-
14/10/27,32:49:00,0,,-
14/10/27,33:45:00,1,,stage8
14/10/27,33:54:00,2,,stage8 | vegas
14/10/27,34:24:00,2,,s8 1fJ | stage8
14/10/26,34:52:00,3,,stage3 | stage 8x2
14/10/24,33:18:00,0,,-
14/10/24,33:41:00,1,,vegas
14/10/23,34:38:00,2,,vegas | stage9
14/10/23,34:08:00,2,,stage9 stair jump | stage9
14/10/23,34:47:00,3,,stage8 | vegas x2
14/10/23,33:07:00,0,,-
14/10/23,33:35:00,1,,stage8 stair jump
14/10/22,35:58:00,1,drunk race 1k special,stage3 Vipers
14/10/22,36:44:00,3,drunk race 1k special,stage1 | stage8 | stageA
14/10/21,33:16:00,0,,-
14/10/21,34:22:00,1,,stage9
14/10/21,35:40:00,2,,vegas | Zaft Bat
14/10/21,35:53:00,3,,stage8 x3
14/10/21,34:28:00,2,,zip | stage7
14/10/20,34:19:00,2,,vegas x2
14/10/20,33:37:00,1,,vegas
14/10/20,32:55:00,0,,-
14/10/20,35:29:00,2,,stageA x2
14/10/20,33:15:00,0,,-
14/10/20,34:23:00,2,,vegas x2
14/10/18,35:40:00,2,,stageB x2
14/10/18,35:10:00,3,,stage8 | vegas x2
14/10/17,33:11:00,0,,-
14/10/17,34:16:00,1,,stage9
14/10/17,33:31:00,1,,vegas
14/10/16,33:14:00,0,,-
14/10/16,33:18:00,0,,-
14/10/16,33:43:00,1,,vegas
14/10/16,34:26:00,2,,vegas | stage8
14/10/16,37:28:00,4,,vegas | stageA x2 | Dracula
14/10/16,33:14:00,0,,-
14/10/14,36:54:00,3,,chandalier | vegas | stage9
14/10/13,33:04:00,0,,-
14/10/13,35:37:00,4,,vegas x3 | stage9
14/10/12,45:24:00,2,,chandalier | stage8
14/10/12,34:25:00,4,,stage 8 x4
14/10/12,36:18:00,4,,stage 8 x2 | vegas | stageA-1 ring grab
14/10/12,32:58:00,0,,-
14/10/9,33:38:00,1,,vegas
14/10/9,33:16:00,0,,-
14/10/9,33:05:00,0,,-
14/10/9,34:52:00,2,,stage8 x2
14/10/9,33:10:00,0,,-
14/10/8,34:19:00,2,,stage8 | vegas
14/10/8,33:18:00,0,,-
14/10/8,35:20:00,2,,stage8 | stageA
14/10/8,33:52:00,0,,-
14/10/8,33:10:00,0,,-
14/10/7,35:50:00,1,,zaft Bat
14/10/6,42:50:00,7,derusting,cant remember
14/10/6,40:17:00,6,derusting,cant remember
14/09/28,36:03:00,5,weekly race (3rd),zip | book jump | stage8 stair jump | vegas | stageA ring
14/09/28,34:37:00,3,,stage 8 stair jump | stageA x2
14/09/26,33:29:00,1,,vegas
14/09/26,34:46:00,2,,vegas x2
14/09/23,34:15:00,1,,vegas
14/09/23,34:28:00,2,,vegas x2
14/09/23,35:14:00,2,,stage 7 | stage9
14/09/23,33:10:00,0,,-
14/09/22,32:46:00,0,New PB,-
14/09/22,32:57:00,0,,-
14/09/21,41:35:00,10,weekly race (2nd),stage3 x4 | book jump | stageA | etc..
14/09/20,33:03:00,0,,-
14/09/20,33:02:00,0,,-
14/09/20,33:54:00,1,,vegas
14/09/20,33:17:00,0,,-
14/09/20,35:41:00,1,,stageA
14/09/20,35:45:00,4,,vegas x2 | stageA x2
14/09/20,34:33:00,2,,stageA x2
14/09/19,35:57:00,3,,book jump | stage8 stair jump | ?
14/09/18,33:36:00,1,race,stage8 stair jump
14/09/18,33:34:00,0,race,-
14/09/18,35:04:00,3,,vegas x3
14/09/17,34:28:00,2,,stage9 x2
14/09/17,35:48:00,2,,chandalier x2
14/09/16,33:50:00,1,,stageA
14/09/16,33:09:00,0,,-
14/09/16,33:19:00,0,,-
14/09/16,34:32:00,2,,vegas x2
14/09/16,36:35:00,4,,stage8 lag strat | stage9 x2 | stageA
14/09/16,33:22:00,1,,stage8 stair jump
14/09/14,33:06:00,0,,-
14/09/14,33:27:00,0,weekly race (1st),-
14/09/13,33:00:00,0,,-
14/09/13,33:58:00,1,,stageA
14/09/12,34:46:00,3,,vegas x2 | stage8
14/09/12,33:31:00,0,,-
14/09/9,33:44:00,0,,-
14/09/9,34:08:00,1,,stageA
14/09/9,34:03:00,1,,stageB
14/09/9,34:07:00,2,,stage8 | vegas
14/09/8,34:47:00,2,,stageB x2
14/09/8,34:00:00,1,,vegas
14/09/7,33:33:00,1,,stageA
14/09/7,33:59:00,0,weekly race (1st),-
14/09/6,33:41:00,1,,stageA
14/09/6,34:16:00,1,,stage9
14/09/2,34:12:00,1,,vegas
14/09/2,36:56:00,3,,stage9 | stageB
14/09/2,35:31:00,3,,vegas x2 | stageA
14/09/2,38:26:00,6,,stage6 | vegas x5
14/09/2,36:05:00,3,,stage9 | stageA x2
14/09/2,36:07:00,4,,stage8 x2 | vegas | stageA
14/08/31,36:44:00,3,,zip | stage6 x2
14/08/31,33:22:00,0,,-
14/08/31,33:53:00,0,,-
14/08/31,41:57:00,11,,too many.
14/08/29,39:40:00,9,,too many.
14/08/29,41:41:00,9,,book jump x2 | stage8 | vegas x3 | stage9 x2 | stageA
14/08/27,35:00:00,2,,stage8 stair jump | stageB
14/08/26,32:56:00,0,,-
14/08/26,33:52:00,1,,stageA
14/08/26,34:33:00,2,,stage8 x2
14/08/26,33:27:00,0,,-
14/08/25,34:19:00,1,,chandalier
14/08/22,33:39:00,0,,-
14/08/22,34:30:00,2,,vegas | stage9
14/08/22,34:41:00,2,,vegas | stageA
14/08/19,41:30:00,7,,zip | chandalier x3 | stage8 x3
14/08/18,35:45:00,2,,vegas x2
14/08/18,33:07:00,0,,-
14/08/18,36:21:00,3,,stageB x2 | Dracula
14/08/16,37:45:00,6,,zip | stage9 x4 | stageA
14/08/15,34:58:00,1,,chandalier
14/08/14,34:39:00,2,,book jump | stage8
14/08/14,37:40:00,3,,Zaft Bat | stageA | stageB
14/08/13,36:43:00,4,,chandalier | stage8 | stageA x2
14/08/13,35:22:00,4,,stage8 | vegas x3
14/08/13,33:00:00,0,,-
14/08/12,34:45:00,2,,chandalier | vegas
14/08/12,33:25:00,0,,-
14/08/10,32:50:00,0,,-
14/08/10,35:36:00,4,,stage9 | stageA | stageB x2
14/08/09,35:45:00,2,,chandalier x2
14/08/09,34:23:00,2,,vegas | stageA
14/08/08,40:25:00,10,,zip | chandalier x2 | book jump | stage8 x6
14/08/08,32:52:00,0,,-
14/08/08,33:03:00,0,,-
14/08/07,35:16:00,2,,zip | vegas
14/08/07,37:17:00,6,,book room x2 | stage8 x3 | stageB
14/08/07,33:10:00,0,,-
14/08/07,33:10:00,0,,-
14/08/07,33:29:00,1,,stage8
14/08/07,34:27:00,2,,stage8 | stageB
14/08/07,34:03:00,2,,stage 8 stair jump | stage8
14/08/05,32:49:00,0,new PB,-
14/08/05,35:42:00,3,,book jump | stage8 | stage9
14/08/04,33:08:00,0,,-
14/08/03,36:00:00,3,weekly race (2nd),stageA | stageB x2
14/08/02,33:09:00,0,,-
14/08/02,35:14:00,3,,stage8 | stage9 x2
14/08/01,40:14:00,6,,vegas | stageB | slogra x2 | Death x2
14/08/01,35:02:00,3,,vegas | stageA x2
14/07/31,32:55:00,0,,-
14/07/31,35:57:00,3,,stageA x2 | slogra
14/07/31,34:17:00,2,,stageA x2
14/07/30,33:21:00,0,,-
14/07/30,33:11:00,0,,-
14/07/30,34:45:00,2,,Sir Grakul | stage9 stair jump
14/07/29,36:18:00,3,,chandalier | vegas | stageA
14/07/29,35:42:00,2,,bridge | stageA
14/07/29,35:23:00,2,,vegas | zaft bat
14/07/29,32:53:00,0,,-
14/07/29,39:21:00,6,,stage8 x2 | Frankenstein | stageA | stageB | slogra
14/07/29,32:57:00,0,,-
14/07/28,35:50:00,2,,chandalier x2
14/07/28,33:04:00,0,,-
14/07/28,34:14:00,1,,vegas
14/07/25,39:08:00,5,,chandalier x2 | stageA x2 | stageB
14/07/25,33:31:00,1,,stage8
14/07/25,32:54:00,0,,-
14/07/24,37:18:00,3,,stage9 | stageB | Death
14/07/24,33:08:00,0,,-
14/07/23,32:54:00,0,,-
14/07/23,33:48:00,1,,vegas
14/07/23,34:20:00,1,,stage9
14/07/21,33:27:00,0,,-
14/07/21,33:57:00,1,,vegas
14/07/21,36:00:00,2,,stageB x2
14/07/20,35:07:00,1,,stage9
14/07/20,41:00:00,7,,chandalier x3 | vegas | stage9 x2 | stageA
14/07/19,40:54:00,11,,chandalier x2 | book jump | stage 8 x8
14/07/19,34:58:00,1,,chandalier
14/07/19,34:13:00,1,,vegas
14/07/19,34:35:00,1,,chandalier
14/07/19,38:50:00,5,,chandalier | stageA | stageB x2 | dracula
14/07/17,33:33:00,0,,-
14/07/17,38:01:00,6,,chandalier | Sir Grakul | stage8 x2 | stageA x2
14/07/17,33:34:00,0,,-
14/07/16,39:20:00,5,,stageB x5
14/07/16,37:22:00,4,,stage8 x2 | stageB x2
14/07/16,35:41:00,3,,chandalier | stage8 | vegas
14/07/16,35:50:00,2,,chandalier x2
14/07/16,34:21:00,1,,Sir Grakul
14/07/15,41:30:00,10,,chandalier | stage7 | stage8 | mummy etc..
14/07/15,37:17:00,5,,stage8 | vegas x2 | stage9 | dracula
14/07/15,34:09:00,1,,stage8
14/07/15,34:30:00,1,,stage9
14/07/15,36:09:00,4,,book jump | stage8 | vegas x2
14/07/15,36:33:00,4,,vegas x2 | stage8 | slogra
14/07/15,34:07:00,1,,stage8 axe knight
14/07/15,37:31:00,5,,stage6 | stage8 x3 | vegas
14/07/15,33:43:00,1,,stageA
14/07/14,33:09:00,0,,-
14/07/14,43:47:00,12,,chandalier x3 | stage9 | stageA | mummy | stageB x4 | dracula
14/07/14,35:30:00,3,,stageA x3
14/07/13,36:05:00,2,weekly race (1st),book jump room | final stage
14/07/13,35:50:00,2,,stage7 | stage8
14/07/13,33:52:00,1,,vegas
14/07/13,33:18:00,0,,-
14/07/12,35:54:00,2,,vegas | final stage
14/07/12,38:27:00,8,,stage8 x2 | stageA | final stage x5
14/07/11,34:51:00,1,,chandalier
14/07/11,33:04:00,0,,-
14/07/10,33:26:00,0,,-
14/07/10,42:52:00,12,feelin lazy!,stage9 | stageA x8 | final stage | dracula x2
14/07/10,35:17:00,1,,Mummy
14/07/10,34:28:00,2,,stage7 last room | bridge
14/07/08,35:17:00,1,,final stage
14/07/08,33:11:00,0,,-
14/07/08,37:49:00,3,,Stage9 | Final Stage x2
14/07/08,32:52:00,0,new PB (first sub 33)!,-
14/07/08,37:30:00,5,,chandalier x2 | vegas x3
14/07/07,37:10:00,5,,vegas | stage8 | stageA x3
14/07/06,43:41:00,8,weekly race (2nd),chandalier x5 | stage8 | stage9 | stageA
14/07/06,39:20:00,6,,chandalier | book jump room | stage8 | vegas | finalstage x2
14/07/06,34:22:00,1,,vegas
14/07/06,33:19:00,0,,-
14/07/04,37:04:00,5,,stage3 | stage8 | vegas x2 | stageA
14/07/03,34:50:00,2,,book jump room | stage8
14/07/03,41:06:00,6,,chandalier x3 | stage7 | stage8 x2
14/07/03,36:02:00,4,,stage8 shortjump x3 | stage8
14/07/02,35:53:00,3,,zip | chandalier x2
14/07/02,34:22:00,1,,Sir Grakul
14/07/02,40:20:00,7,,chandalier x3 | stageA x4
14/07/02,40:23:00,7,,zip | chandalier x3 | stage8 shortjump | stageA | slogra
14/07/01,35:12:00,3,,zip | frankenstein | vegas
14/07/01,35:40:00,4,,stage8 x4
14/06/30,34:48:00,2,,zip | stage8 stair jump
14/06/29,33:01:00,0,new PB,-
14/06/28,34:20:00,1,,vegas
14/06/28,33:30:00,0,,-
14/06/28,37:47:00,4,,stage8 | final stage | slogra x2
14/06/27,33:17:00,0,new PB,-
14/06/26,37:01:00,5,,book jump | vegas x3 | stageA
14/06/26,34:14:00,1,,vegas
14/06/26,35:46:00,3,,stage5 | stage8 stair jump | vegas
14/06/25,36:26:00,4,,stage8 x4
14/06/25,34:21:00,2,,stageA dragon jump & ring
14/06/25,35:46:00,5,,stage8 x5
14/06/25,36:55:00,2,,slogra | dracula
14/06/23,33:19:00,1,new PB,stage8 stair jump
14/06/21,35:09:00,1,,chandalier
14/06/21,35:15:00,3,,stage8 blooddrip | stageA x2
14/06/21,33:25:00,0,,-
14/06/20,36:31:00,4,,stage8 blooddrip | vegas x2 | stage9
14/06/19,33:23:00,0,new PB,-
14/06/17,33:59:00,0,,-
14/06/17,35:39:00,2,,stage8 | final stage
14/06/17,34:09:00,0,,-
14/06/17,37:44:00,6,,stage8 x3 | vegas x2 | stageA
14/06/17,37:21:00,3,,stageA x2 | slogra
14/06/15,35:53:00,2,weekly race (1st),stage1 | book jump
14/06/15,37:46:00,3,,chandalier | stage8 | stage9
14/06/15,38:37:00,10,,stage8 x7 | vegas x3
14/06/14,35:31:00,2,,chandalier | stageA
14/06/14,37:50:00,7,,stage8 x3 | vegas | stageA x2 | slogra
14/06/13,38:55:00,9,,chandalier | stage8 x5 | vegas x3
14/06/13,34:03:00,1,,vegas
14/06/13,37:43:00,4,,stage8 x2 | stageA | slogra
14/06/13,35:04:00,2,,vegas x2
14/06/13,45:26:00,10,,chandalier x7 | Stage6 | Stage8 | vegas
14/06/12,38:34:00,4,,stage8 blood drip | stageA | final stage
14/06/12,39:20:00,5,,chandalier | stage8 | slogra x2
14/06/12,36:23:00,2,,chandalier | vegas
14/06/12,42:05:00,8,,chandalier x6 | stage9 x2
14/06/10,37:05:00,5,,
14/06/10,37:05:00,5,,
14/06/10,35:31:00,3,,zip | vegas x2
14/06/08,38:07:00,5,weekly race (3rd),
14/06/08,38:07:00,5,weekly race (3rd),
14/06/05,47:34:00,17,,
14/06/05,47:34:00,17,,
14/06/05,40:56:00,8,,
14/06/05,40:56:00,8,,
14/06/05,36:25:00,3,,
14/06/05,36:25:00,3,,
14/06/04,35:02:00,1,,
14/06/04,35:02:00,1,,
14/06/04,40:38:00,7,,
14/06/04,40:38:00,7,,
14/06/02,33:28:00,0,new PB,-
14/06/02,37:16:00,4,,
14/06/02,37:16:00,4,,
14/06/01,36:29:00,2,weekly race (4th),
14/06/01,36:29:00,2,weekly race (4th),
14/06/01,37:34:00,4,,
14/06/01,37:34:00,4,,
14/06/01,36:33:00,5,,
14/06/01,36:33:00,5,,
14/05/29,33:38:00,0,,-
14/05/29,36:55:00,2,,
14/05/29,36:55:00,2,,
14/05/28,33:37:00,0,new PB,-
14/05/25,34:36:00,0,weekly race (1st),-
14/05/24,33:47:00,0,new PB,-
14/05/22,35:35:00,2,,
14/05/22,35:35:00,2,,
14/05/22,34:53:00,1,,
14/05/22,34:53:00,1,,
14/05/21,36:31:00,1,,
14/05/21,36:31:00,1,,
14/05/20,34:10:00,0,,-
14/05/19,39:16:00,5,,
14/05/19,39:16:00,5,,
14/05/19,34:49:00,1,,
14/05/19,34:49:00,1,,
14/05/19,38:04:00,4,,
14/05/19,38:04:00,4,,
14/05/18,41:32:00,5,,
14/05/18,41:32:00,5,,
14/05/18,37:34:00,5,,
14/05/18,37:34:00,5,,
14/05/18,35:59:00,2,,
14/05/18,35:59:00,2,,
14/05/18,37:29:00,3,,
14/05/18,37:29:00,3,,
14/05/18,34:14:00,1,,
14/05/18,34:14:00,1,,
14/05/18,35:40:00,2,weekly race (2nd),
14/05/18,35:40:00,2,weekly race (2nd),
14/05/15,39:43:00,6,,
14/05/15,39:43:00,6,,
14/05/15,40:54:00,7,,
14/05/15,40:54:00,7,,
14/05/14,37:50:00,5,,
14/05/14,37:50:00,5,,
14/05/14,43:29:00,11,,
14/05/14,43:29:00,11,,
14/05/14,39:09:00,5,,
14/05/14,39:09:00,5,,
14/05/14,34:19:00,1,,
14/05/14,34:19:00,1,,
14/05/14,46:09:00,12,,
14/05/14,46:09:00,12,,
14/05/14,34:54:00,1,,
14/05/14,34:54:00,1,,
14/05/13,33:59:00,0,,-
14/05/13,33:50:00,0,new PB,-
14/05/12,38:59:00,5,,
14/05/12,38:59:00,5,,
14/05/11,34:44:00,1,,
14/05/11,34:44:00,1,,
14/05/11,34:45:00,1,,
14/05/11,34:45:00,1,,
14/05/11,37:04:00,2,weekly race (4th),
14/05/11,37:04:00,2,weekly race (4th),
14/05/11,36:57:00,4,,
14/05/11,36:57:00,4,,
14/05/11,37:56:00,4,,
14/05/11,37:56:00,4,,
14/05/11,38:21:00,5,,
14/05/11,38:21:00,5,,
14/05/10,36:15:00,2,,
14/05/10,36:15:00,2,,
14/05/10,38:27:00,5,,
14/05/10,38:27:00,5,,
14/05/09,34:57:00,1,,
14/05/09,34:57:00,1,,
14/05/08,34:06:00,0,,-
14/05/08,35:34:00,2,,
14/05/08,35:34:00,2,,
14/05/08,37:19:00,5,,
14/05/08,37:19:00,5,,
14/05/08,44:24:00,11,,
14/05/08,44:24:00,11,,
14/05/06,35:16:00,2,,
14/05/06,35:16:00,2,,
14/05/06,37:14:00,2,,
14/05/06,37:14:00,2,,
14/05/06,42:55:00,10,,
14/05/06,42:55:00,10,,
14/05/06,44:29:00,10,,
14/05/06,44:29:00,10,,
14/05/05,43:55:00,11,,
14/05/05,43:55:00,11,,
14/05/04,33:57:00,0,new PB,-
14/05/04,36:20:00,1,weekly race (2nd),
14/05/04,36:20:00,1,weekly race (2nd),
14/05/04,36:13:00,2,,
14/05/04,36:13:00,2,,
14/05/04,37:42:00,3,,
14/05/04,37:42:00,3,,
14/05/04,39:00:00,5,weekly race (4th),
14/05/04,39:00:00,5,weekly race (4th),
14/05/03,34:12:00,0,,-
14/05/02,34:15:00,0,,-
14/05/02,40:08:00,6,,
14/05/02,40:08:00,6,,
